{
  "global": {
    "userAgent": "Mozilla/5.0 (Windows NT 10.0; Win64; x64) AppleWebKit/537.36 (KHTML, like Gecko) Chrome/131.0.0.0 Safari/537.36",
    "size": {
      "width": 600,
      "height": 450
    },
    "signin": {
      "userAgent": "Chrome",
      "size": {
        "width": 600,
        "height": 600
      }
    }
  },
  "tiktok": {
    "size": {
      "width": 1100,
      "height": 600
    },
    "wss": {
      "size": {
        "width": 600,
        "height": 450
      }
    },
    "signin": {
      "url": "https://tiktok.com/",
	  "userAgent": "Mozilla/5.0 (Windows NT 10.0; Win64; x64) AppleWebKit/537.36 (KHTML, like Gecko) Chrome/131.0.0.0 Safari/537.36"
    }
  },
  "youtube": {
	"userAgent": "Mozilla/5.0 (Windows NT 10.0; Win64; x64) AppleWebKit/537.36 (KHTML, like Gecko) Chrome/131.0.0.0 Safari/537.36",
    "signin": {
      "url": "https://youtube.com/",
      "userAgent": "Chrome"
    }
  },
  "rumble": {
    "signin": {
      "url": "https://rumble.com/",
      "userAgent": "Chrome"
    }
  },
  "kick": {
    "signin": {
      "url": "https://kick.com/",
      "userAgent": "Chrome"
    }
  },
  "webex": {
    "signin": {
      "url": "https://signin.webex.com/signin",
      "userAgent": "Chrome"
    }
  },
   "discord": {
    "signin": {
      "url": "https://discord.com/login",
      "userAgent": "Chrome"
    }
  },
  "twitch": {
    "signin": {
      "url": "https://twitch.tv/",
      "userAgent": "Mozilla/5.0 (Windows NT 10.0; Win64; x64) AppleWebKit/537.36 (KHTML, like Gecko) Chrome/131.0.0.0 Safari/537.36"
    },
    "userAgent": "Mozilla/5.0 (Windows NT 10.0; Win64; x64) AppleWebKit/537.36 (KHTML, like Gecko) Chrome/131.0.0.0 Safari/537.36"
  },
  "telegramk": {
    "signin": {
      "url": "https://web.telegram.org/k/",
	  "telegramk": {
		"signin": {
		  "url": "https://web.telegram.org/k/",
		  "userAgent": "Mozilla/5.0 (Windows NT 10.0; Win64; x64) AppleWebKit/537.36 (KHTML, like Gecko) Chrome/131.0.0.0 Safari/537.36"
		}
	  }
    }
  },
  "telegram": {
    "signin": {
      "url": "https://web.telegram.org/k/",
	  "telegram": {
		"signin": {
		  "url": "https://web.telegram.org/k/",
		  "userAgent": "Mozilla/5.0 (Windows NT 10.0; Win64; x64) AppleWebKit/537.36 (KHTML, like Gecko) Chrome/131.0.0.0 Safari/537.36"
		}
	  }
    }
  },
  "x": {
    "signin": {
      "url": "https://x.com/i/flow/login",
	  "userAgent": "Mozilla/5.0 (Windows NT 10.0; Win64; x64) AppleWebKit/537.36 (KHTML, like Gecko) Chrome/131.0.0.0 Safari/537.36"
    }
  }
}
