{
  "global": {
    "userAgent": "Mozilla/5.0 (X11; Linux x86_64) AppleWebKit/537.36 (KHTML, like Gecko) Chrome/131.0.0.0 Safari/537.36",
    "size": {
      "width": 600,
      "height": 450
    },
    "signin": {
      "userAgent": "Chrome",
      "size": {
        "width": 600,
        "height": 600
      }
    }
  },
  "tiktok": {
    "size": {
      "width": 1100,
      "height": 600
    },
    "wss": {
      "size": {
        "width": 600,
        "height": 450
      }
    },
    "signin": {
      "url": "https://tiktok.com/"
    }
  },
  "youtube": {
	"userAgent": "Mozilla/5.0 (X11; Linux x86_64) AppleWebKit/537.36 (KHTML, like Gecko) Chrome/131.0.0.0 Safari/537.36",
    "signin": {
      "url": "https://youtube.com/",
      "userAgent": "Chrome"
    }
  },
  "kick": {
    "signin": {
      "url": "https://kick.com/",
      "userAgent": "Chrome"
    }
  },
  "twitch": {
    "signin": {
      "url": "https://twitch.tv/",
	  "userAgent": "Mozilla/5.0 (X11; Linux x86_64) AppleWebKit/537.36 (KHTML, like Gecko) Chrome/131.0.0.0 Safari/537.36"
    },
	"userAgent": "Mozilla/5.0 (X11; Linux x86_64) AppleWebKit/537.36 (KHTML, like Gecko) Chrome/131.0.0.0 Safari/537.36"
  },
  "telegramk": {
    "signin": {
      "url": "https://web.telegram.org/k/",
	  "telegramk": {
		"signin": {
		  "url": "https://web.telegram.org/k/"
		}
	  }
    }
  },
  "telegram": {
    "signin": {
      "url": "https://web.telegram.org/k/",
	  "telegram": {
		"signin": {
		  "url": "https://web.telegram.org/k/"
		}
	  }
    }
  }
}